Region,Balance
MED,-82.99890263157863
ARA,-3.2878903508772055
EUROE,0.7542096491229131
NWE,65.28662192982392
